"Date","ttf","res_capacity","consumption","pun"
2005-02-01,13.98,19501.49,24893728.8,59.773049
2005-03-01,14.67,19519.98,26752492.52,56.584909
2005-04-01,14.73,19538.48,24582095.67,48.794632
2005-05-01,15,19556.97,25081886.91,47.319721
2005-06-01,15.28,19575.47,25633084.12,54.808746
2005-07-01,16.48,19593.96,27483674.04,65.249936
2005-08-01,18.92,19612.46,23148630.72,56.22607
2005-09-01,22.36,19630.95,26022469.06,63.255978
2005-10-01,23.13,19649.45,26263317.94,61.554237
2005-11-01,29.1,19667.94,25924907.74,62.799851
2005-12-01,26.69,19686.44,26276746.53,65.59115
2006-01-01,22.82,19751.01,27082494.18,72.299557
2006-02-01,20.45,19815.59,25564239.29,81.981563
2006-03-01,21.93,19880.16,27483111.14,78.989702
2006-04-01,21.58,19944.73,24045538.76,67.408135
2006-05-01,20.45,20009.31,25509793.28,67.408441
2006-06-01,19.51,20073.88,26325601.9,72.272854
2006-07-01,19.97,20138.45,28292173.56,84.488773
2006-08-01,22,20203.03,23041780.32,74.391484
2006-09-01,33.78,20267.6,26323368.44,76.623212
2006-10-01,28.51,20332.17,26761192.53,71.308326
2006-11-01,24.13,20396.75,26740135.41,74.013131
2006-12-01,17.38,20461.32,26908050.3,76.278766
2007-01-01,11.85,20495.48,27365623.2,76.335088
2007-02-01,9.9,20529.64,25126312.21,69.769728
2007-03-01,10.96,20563.81,26728054.42,61.474653
2007-04-01,9.16,20597.97,24325920.85,55.498125
2007-05-01,11.61,20632.13,26128419.15,63.030143
2007-06-01,10.84,20666.29,26698545.39,67.155701
2007-07-01,15.5,20700.45,29606401.08,83.829492
2007-08-01,14.31,20734.61,23751508.79,63.006848
2007-09-01,20.48,20768.77,25916833.14,69.835355
2007-10-01,26.34,20802.94,26912799.01,69.85639
2007-11-01,24.45,20837.1,26719099.84,90.819447
2007-12-01,24.48,20871.26,26920914.6,81.083024
2008-01-01,22.78,21082.33,28054999.06,86.236178
2008-02-01,22.94,21293.39,26814559.44,81.491291
2008-03-01,23.8,21504.46,26964490.88,74.541456
2008-04-01,25.73,21715.52,25353645.09,80.61564
2008-05-01,28.17,21926.59,26050220.9,80.089646
2008-06-01,29.88,22137.65,26825176.14,83.493301
2008-07-01,30.19,22348.72,29894175.95,97.315897
2008-08-01,32.77,22559.79,24318885.7,90.954243
2008-09-01,36.15,22770.85,26829003.1,97.234379
2008-10-01,30.04,22981.92,27023707.18,99.072132
2008-11-01,24.08,23192.98,26354377.39,87.649836
2008-12-01,21.8,23404.05,26160167.02,84.869933
2009-01-01,24.7,23273.98,26335889.56,83.445854
2009-02-01,13.93,23143.92,24519979.38,76.94907
2009-03-01,11.5,23013.85,26174244.49,69.095251
2009-04-01,10.85,22883.78,23783285.7,58.359934
2009-05-01,10.43,22753.71,24571752.94,58.512345
2009-06-01,10.63,22623.65,24769977.48,51.81504
2009-07-01,8.85,22493.58,28501525.92,60.500856
2009-08-01,7.75,22363.51,23433351.06,71.065796
2009-09-01,8.6,22233.44,26336911.83,66.493649
2009-10-01,11.05,22103.38,26792432.91,57.627426
2009-11-01,9.45,21973.31,25473802.74,53.928213
2009-12-01,14.43,21843.24,25578603.86,57.385354
2010-01-01,16.4,22503.45,26658004.59,63.454652
2010-02-01,12.45,23163.67,25384531.19,62.553249
2010-03-01,12.45,23823.88,26995891.19,62.824604
2010-04-01,14.63,24484.09,24741922.1,61.313847
2010-05-01,16.44,25144.31,25337042.53,59.358017
2010-06-01,20.33,25804.52,25335373.75,60.198864
2010-07-01,17.7,26464.73,28547585.83,70.895924
2010-08-01,18.88,27124.95,24044799.17,69.907772
2010-09-01,18.58,27785.16,25881727.22,66.549505
2010-10-01,17.83,28445.37,26224561.65,65.783244
2010-11-01,23.38,29105.59,26045711.02,61.383534
2010-12-01,24.5,29765.8,26682626.33,64.884969
2011-01-01,21.35,30690.15,26501237.41,65.002702
2011-02-01,22.55,31614.5,24969178.38,66.285178
2011-03-01,23.7,32538.85,26454953.45,68.184991
2011-04-01,22.5,33463.21,23885000.97,65.180673
2011-05-01,23.15,34387.56,25058926.2,71.276122
2011-06-01,22.15,35311.91,25348756.93,68.411804
2011-07-01,20.6,36236.26,28248503.39,69.737099
2011-08-01,24.75,37160.61,23955597.81,74.509777
2011-09-01,15.5,38084.96,25998342.09,81.309569
2011-10-01,23.05,39009.32,25807833.46,78.612102
2011-11-01,23.1,39933.67,25371131.72,78.468488
2011-12-01,21.1,40858.02,25429571.81,79.367374
2012-01-01,24.1,41349.52,25515611.07,79.854812
2012-02-01,23.9,41841.02,25377036.13,89.040934
2012-03-01,25.4,42332.52,25036920.86,75.312343
2012-04-01,25.15,42824.02,22239673.05,72.716537
2012-05-01,22.7,43315.52,23437039.8,69.958617
2012-06-01,24.02,43807.02,24974058.33,77.877715
2012-07-01,23.7,44298.52,27864105.77,82.202953
2012-08-01,24.65,44790.02,24124984.61,85.63818
2012-09-01,25.75,45281.52,24077974.23,76.765358
2012-10-01,26.95,45773.02,24365193.19,65.855457
2012-11-01,27.6,46264.52,23355666.03,64.085601
2012-12-01,26.2,46756.02,24192113.71,66.992351
2013-01-01,25.25,46765.47,25050041.49,64.486921
2013-02-01,26.3,46941.22,23391618.47,62.970427
2013-03-01,36.55,47116.97,24559619.52,63.97506
2013-04-01,26.5,47292.72,22149661.14,61.032881
2013-05-01,27.25,47468.47,23076415.73,54.89315
2013-06-01,26.17,47644.22,23238077.14,56.235705
2013-07-01,25.6,47819.97,26564199.42,66.856649
2013-08-01,25.33,47995.72,22778569.34,65.014442
2013-09-01,26.5,48171.47,23411158.4,64.720505
2013-10-01,25.15,48347.22,23957059.78,64.366923
2013-11-01,28.2,48522.97,23230748.52,61.732865
2013-12-01,26.85,48698.72,23794738.55,69.281018
2014-01-01,25,48754.39,24439946.76,59.268742
2014-02-01,22.95,48810.05,22604921.49,51.337911
2014-03-01,21.1,48865.72,23957652.93,46.730442
2014-04-01,18.95,48921.39,22469039.99,45.76017
2014-05-01,18.75,48977.05,22731132.25,46.657296
2014-06-01,16.35,49032.72,23422337,47.022842
2014-07-01,17.1,49088.39,25512382.11,46.419221
2014-08-01,19.9,49144.05,21330774.12,47.1731
2014-09-01,20.7,49199.72,23160393.63,57.970743
2014-10-01,20.6,49255.39,23633135.88,62.233171
2014-11-01,24.05,49311.05,22720876.04,54.586559
2014-12-01,20.4,49366.72,23230917.89,59.579377
2015-01-01,20.15,49440.47,24178858.05,51.103069
2015-02-01,23.9,49514.22,22730260.58,54.503912
2015-03-01,22.4,49587.97,24020614.36,49.986007
2015-04-01,20.75,49661.72,21737339.75,47.843605
2015-05-01,20.6,49735.47,22392533.87,47.269112
2015-06-01,20.78,49809.22,23347372.95,48.640722
2015-07-01,20.4,49882.97,27704908.77,67.766542
2015-08-01,19.5,49956.72,22099256.54,52.72049
2015-09-01,18.4,50030.47,23770141.27,49.388997
2015-10-01,17.83,50104.22,23616266.9,47.659724
2015-11-01,18.2,50177.97,23340160.44,55.077464
2015-12-01,14.4,50251.72,23679902.92,55.661802
2016-01-01,13,50315.89,24195591.38,46.473631
2016-02-01,12.75,50380.05,23385242.55,36.970667
2016-03-01,12.4,50444.22,23980672.4,35.220531
2016-04-01,12.9,50508.39,22045906.87,31.989842
2016-05-01,14.18,50572.55,22822964.94,34.781435
2016-06-01,14,50636.72,22971643.01,36.792402
2016-07-01,13.48,50700.89,26709181.73,42.850374
2016-08-01,11.75,50765.05,21974318.53,37.079464
2016-09-01,13.48,50829.22,23726391.06,42.893627
2016-10-01,17.8,50893.39,23305058.04,53.08024
2016-11-01,18.23,50957.55,23424993.33,58.327262
2016-12-01,19.75,51021.72,23749458.17,56.436099
2017-01-01,21.2,51098.57,24818412.58,72.237354
2017-02-01,17.1,51175.42,22617384.13,55.537097
2017-03-01,15.32,51252.27,24159882.52,44.463566
2017-04-01,16.55,51329.11,21231702.44,42.861866
2017-05-01,15.3,51405.96,22838978.9,43.062217
2017-06-01,15.35,51482.81,24899022.97,48.863361
2017-07-01,15.05,51559.66,26998569.44,50.312368
2017-08-01,16.33,51636.51,23748457.45,55.769355
2017-09-01,16.4,51713.36,23385134.34,48.594956
2017-10-01,17.9,51790.2,23413516.98,54.657008
2017-11-01,20.7,51867.05,23779428.72,65.770461
2017-12-01,19.35,51943.9,24150334.4,65.102725
2018-01-01,17.85,52028.83,25140012.88,48.998256
2018-02-01,45.1,52113.76,23687430.49,57.001673
2018-03-01,19.5,52198.68,25150788.65,56.913519
2018-04-01,20.78,52283.61,21898347.99,49.392726
2018-05-01,22.45,52368.54,23690762.52,53.475678
2018-06-01,21.58,52453.46,24552994.87,57.252264
2018-07-01,22.08,52538.39,27181297.82,62.689859
2018-08-01,25.9,52623.32,24004589.66,67.712532
2018-09-01,27.15,52708.25,24111827.96,76.317847
2018-10-01,23.48,52793.17,24368587.13,73.934994
2018-11-01,24.15,52878.1,23811274.37,66.581
2018-12-01,21.3,52963.03,24164840.68,65.15398
2019-01-01,19.95,53059.98,25552620.92,67.65107
2019-02-01,17.75,53156.94,23083788.53,57.665415
2019-03-01,14.68,53253.9,24074284.25,52.876729
2019-04-01,14.35,53350.85,21882703.14,53.354545
2019-05-01,10.35,53447.81,23101735.6,50.6742
2019-06-01,9.5,53544.76,24570560.41,48.58258
2019-07-01,10.15,53641.72,27850097.51,52.31324
2019-08-01,9,53738.67,23772947.48,49.544049
2019-09-01,8.23,53835.63,23920352.53,51.179041
2019-10-01,10,53932.58,23971846.59,52.821668
2019-11-01,15.65,54029.54,23530181.54,48.158593
2019-12-01,11.57,54126.49,23665552.68,43.336153
2020-01-01,9.85,54215.53,25056645.33,47.467703
2020-02-01,9.4,54304.57,23196745.56,39.30206
2020-03-01,7.18,54393.61,21514852.95,31.989926
2020-04-01,5.55,54482.65,17643298.05,24.805385
2020-05-01,3.42,54571.69,20370363.84,21.787886
2020-06-01,5.43,54660.73,21531465.04,28.008138
2020-07-01,5.2,54749.77,25838615.01,38.005826
2020-08-01,10.13,54838.81,23156498.86,40.318562
2020-09-01,11.5,54927.85,23552317.66,48.800708
2020-10-01,13.5,55016.89,23229015.45,43.568821
2020-11-01,15.13,55105.93,22866016.62,48.74765
2020-12-01,18.88,55194.97,23552660.64,54.03627
2021-01-01,20.48,55307.13,24233413.6,60.712357
2021-02-01,15.8,55419.29,22410911.93,56.572734
2021-03-01,18.93,55531.44,24123156.89,60.391245
2021-04-01,23.6,55643.6,22067401.18,69.018509
2021-05-01,25.5,55755.76,22125827.16,69.908007
2021-06-01,35.5,55867.91,24208978.85,84.797028
2021-07-01,40.47,55980.07,27046278.45,102.655825
2021-08-01,50.1,56092.23,24152865.09,112.395107
2021-09-01,84.75,56204.38,24153263.24,158.585336
2021-10-01,60.4,56316.54,23561837.39,217.625827
2021-11-01,91.65,56428.7,23544753.93,225.952805
2021-12-01,66.5,56540.86,24439559.09,281.241549
2022-01-01,84.6,56785.58,24728620.77,224.500693
2022-02-01,101.13,57030.3,22920096.67,211.690384
2022-03-01,121.9,57275.02,24406341.01,308.068768
2022-04-01,96.5,57519.74,21696192.19,245.97476
2022-05-01,85.9,57764.46,22928029.91,230.056245
2022-06-01,149.75,58009.18,24988264.53,271.311344
2022-07-01,191.75,58253.9,27858414.55,441.645199
2022-08-01,231.3,58498.63,23642690.95,543.154071
2022-09-01,163.5,58743.35,23244307.98,429.920278
2022-10-01,28.45,58988.07,22173476.49,211.497382
2022-11-01,139,59232.79,22297757.25,224.511586
2022-12-01,75.57,59477.51,22724285.59,294.907461
2023-01-01,59.25,59919.1,23787336.79,174.490146
2023-02-01,48.6,60360.68,22386096.8,161.071269
2023-03-01,47.25,60802.27,23451682.88,136.383786
2023-04-01,37.9,61243.86,20542120.88,134.971556
2023-05-01,26,61685.44,21554413.86,105.727997
2023-06-01,37.1,62127.03,22466814.19,105.341167
2023-07-01,26.7,62568.62,26611277.64,112.090048
2023-08-01,31.75,63010.2,22441011.52,111.88938
2023-09-01,37.4,63451.79,23220201.32,115.69681
2023-10-01,40.67,63893.37,22571636.12,134.255287
2023-11-01,40.85,64334.96,22520192.36,121.735991
2023-12-01,31.85,64776.55,22604818.09,115.460737
2024-01-01,29.45,65365.28,23870973.67,99.157124
2024-02-01,24.88,65954.02,22626326.82,87.625944
2024-03-01,27.5,66542.76,22927800.02,88.86213
2024-04-01,28.7,67131.5,21273578.36,86.803041
2024-05-01,34.21,67720.24,21765479.45,94.883317
2024-06-01,33.85,68308.98,22550430.29,103.169737
2024-07-01,34.96,68897.71,27592436.6,112.319978
2024-08-01,39.6,69486.45,24581592.88,128.435012
2024-09-01,38.4,70075.19,23053406.15,117.125843
2024-10-01,39.6,70663.93,22873690.62,116.688239
2024-11-01,46.98,71252.67,22547841.08,130.889101
2024-12-01,48.55,71841.4,23230672.86,135.064812
2025-01-01,54,72377.74,24321413.9,143.028279
2025-02-01,44.55,72914.07,22373424.4,150.361043
2025-03-01,40.78,73450.4,22948315.7,120.548435
2025-04-01,31.9,73986.74,20612648.8,99.853644
2025-05-01,33.5,74523.07,21383006.8,93.575669
2025-06-01,32.13,75059.4,24043106.3,111.782968
2025-07-01,33.97,75595.74,26755378.5,113.130195
2025-08-01,31.05,76132.07,22651674.6,108.788999
2025-09-01,32,76668.4,23003107.5,109.075913
2025-10-01,30.29,77204.74,22811084.95,111.042475
2025-11-01,28.75,77741.07,22764192.78,117.085047
2025-12-01,28.19,78277.4,23504648.23,115.489526
