Date;Volumi MWh
04-2004;23.284.305,83
05-2004;23.626.310,00
06-2004;24.131.270,00
07-2004;27.150.130,00
08-2004;22.407.100,00
09-2004;25.487.040,00
10-2004;25.568.590,00
11-2004;25.183.130,00
12-2004;25.383.690,00
01-2005;25.639.784,91
02-2005;24.893.728,80
03-2005;26.752.492,52
04-2005;24.582.095,67
05-2005;25.081.886,91
06-2005;25.633.084,12
07-2005;27.483.674,04
08-2005;23.148.630,72
09-2005;26.022.469,06
10-2005;26.263.317,94
11-2005;25.924.907,74
12-2005;26.276.746,53
01-2006;27.082.494,18
02-2006;25.564.239,29
03-2006;27.483.111,14
04-2006;24.045.538,76
05-2006;25.509.793,28
06-2006;26.325.601,90
07-2006;28.292.173,56
08-2006;23.041.780,32
09-2006;26.323.368,44
10-2006;26.761.192,53
11-2006;26.740.135,41
12-2006;26.908.050,30
01-2007;27.365.623,20
02-2007;25.126.312,21
03-2007;26.728.054,42
04-2007;24.325.920,85
05-2007;26.128.419,15
06-2007;26.698.545,39
07-2007;29.606.401,08
08-2007;23.751.508,79
09-2007;25.916.833,14
10-2007;26.912.799,01
11-2007;26.719.099,84
12-2007;26.920.914,60
01-2008;28.054.999,06
02-2008;26.814.559,44
03-2008;26.964.490,88
04-2008;25.353.645,09
05-2008;26.050.220,90
06-2008;26.825.176,14
07-2008;29.894.175,95
08-2008;24.318.885,70
09-2008;26.829.003,10
10-2008;27.023.707,18
11-2008;26.354.377,39
12-2008;26.160.167,02
01-2009;26.335.889,56
02-2009;24.519.979,38
03-2009;26.174.244,49
04-2009;23.783.285,70
05-2009;24.571.752,94
06-2009;24.769.977,48
07-2009;28.501.525,92
08-2009;23.433.351,06
09-2009;26.336.911,83
10-2009;26.792.432,91
11-2009;25.473.802,74
12-2009;25.578.603,86
01-2010;26.658.004,59
02-2010;25.384.531,19
03-2010;26.995.891,19
04-2010;24.741.922,10
05-2010;25.337.042,53
06-2010;25.335.373,75
07-2010;28.547.585,83
08-2010;24.044.799,17
09-2010;25.881.727,22
10-2010;26.224.561,65
11-2010;26.045.711,02
12-2010;26.682.626,33
01-2011;26.501.237,41
02-2011;24.969.178,38
03-2011;26.454.953,45
04-2011;23.885.000,97
05-2011;25.058.926,20
06-2011;25.348.756,93
07-2011;28.248.503,39
08-2011;23.955.597,81
09-2011;25.998.342,09
10-2011;25.807.833,46
11-2011;25.371.131,72
12-2011;25.429.571,81
01-2012;25.515.611,07
02-2012;25.377.036,13
03-2012;25.036.920,86
04-2012;22.239.673,05
05-2012;23.437.039,80
06-2012;24.974.058,33
07-2012;27.864.105,77
08-2012;24.124.984,61
09-2012;24.077.974,23
10-2012;24.365.193,19
11-2012;23.355.666,03
12-2012;24.192.113,71
01-2013;25.050.041,49
02-2013;23.391.618,47
03-2013;24.559.619,52
04-2013;22.149.661,14
05-2013;23.076.415,73
06-2013;23.238.077,14
07-2013;26.564.199,42
08-2013;22.778.569,34
09-2013;23.411.158,40
10-2013;23.957.059,78
11-2013;23.230.748,52
12-2013;23.794.738,55
01-2014;24.439.946,76
02-2014;22.604.921,49
03-2014;23.957.652,93
04-2014;22.469.039,99
05-2014;22.731.132,25
06-2014;23.422.337,00
07-2014;25.512.382,11
08-2014;21.330.774,12
09-2014;23.160.393,63
10-2014;23.633.135,88
11-2014;22.720.876,04
12-2014;23.230.917,89
01-2015;24.178.858,05
02-2015;22.730.260,58
03-2015;24.020.614,36
04-2015;21.737.339,75
05-2015;22.392.533,87
06-2015;23.347.372,95
07-2015;27.704.908,77
08-2015;22.099.256,54
09-2015;23.770.141,27
10-2015;23.616.266,90
11-2015;23.340.160,44
12-2015;23.679.902,92
01-2016;24.195.591,38
02-2016;23.385.242,55
03-2016;23.980.672,40
04-2016;22.045.906,87
05-2016;22.822.964,94
06-2016;22.971.643,01
07-2016;26.709.181,73
08-2016;21.974.318,53
09-2016;23.726.391,06
10-2016;23.305.058,04
11-2016;23.424.993,33
12-2016;23.749.458,17
01-2017;24.818.412,58
02-2017;22.617.384,13
03-2017;24.159.882,52
04-2017;21.231.702,44
05-2017;22.838.978,90
06-2017;24.899.022,97
07-2017;26.998.569,44
08-2017;23.748.457,45
09-2017;23.385.134,34
10-2017;23.413.516,98
11-2017;23.779.428,72
12-2017;24.150.334,40
01-2018;25.140.012,88
02-2018;23.687.430,49
03-2018;25.150.788,65
04-2018;21.898.347,99
05-2018;23.690.762,52
06-2018;24.552.994,87
07-2018;27.181.297,82
08-2018;24.004.589,66
09-2018;24.111.827,96
10-2018;24.368.587,13
11-2018;23.811.274,37
12-2018;24.164.840,68
01-2019;25.552.620,92
02-2019;23.083.788,53
03-2019;24.074.284,25
04-2019;21.882.703,14
05-2019;23.101.735,60
06-2019;24.570.560,41
07-2019;27.850.097,51
08-2019;23.772.947,48
09-2019;23.920.352,53
10-2019;23.971.846,59
11-2019;23.530.181,54
12-2019;23.665.552,68
01-2020;25.056.645,33
02-2020;23.196.745,56
03-2020;21.514.852,95
04-2020;17.643.298,05
05-2020;20.370.363,84
06-2020;21.531.465,04
07-2020;25.838.615,01
08-2020;23.156.498,86
09-2020;23.552.317,66
10-2020;23.229.015,45
11-2020;22.866.016,62
12-2020;23.552.660,64
01-2021;24.233.413,60
02-2021;22.410.911,93
03-2021;24.123.156,89
04-2021;22.067.401,18
05-2021;22.125.827,16
06-2021;24.208.978,85
07-2021;27.046.278,45
08-2021;24.152.865,09
09-2021;24.153.263,24
10-2021;23.561.837,39
11-2021;23.544.753,93
12-2021;24.439.559,09
01-2022;24.728.620,77
02-2022;22.920.096,67
03-2022;24.406.341,01
04-2022;21.696.192,19
05-2022;22.928.029,91
06-2022;24.988.264,53
07-2022;27.858.414,55
08-2022;23.642.690,95
09-2022;23.244.307,98
10-2022;22.173.476,49
11-2022;22.297.757,25
12-2022;22.724.285,59
01-2023;23.787.336,79
02-2023;22.386.096,80
03-2023;23.451.682,88
04-2023;20.542.120,88
05-2023;21.554.413,86
06-2023;22.466.814,19
07-2023;26.611.277,64
08-2023;22.441.011,52
09-2023;23.220.201,32
10-2023;22.571.636,12
11-2023;22.520.192,36
12-2023;22.604.818,09
01-2024;23.870.973,67
02-2024;22.626.326,82
03-2024;22.927.800,02
04-2024;21.273.578,36
05-2024;21.765.479,45
06-2024;22.550.430,29
07-2024;27.592.436,60
08-2024;24.581.592,88
09-2024;23.053.406,15
10-2024;22.873.690,62
11-2024;22.547.841,08
12-2024;23.230.672,86
01-2025;24.321.413,90
02-2025;22.373.424,40
03-2025;22.948.315,70
04-2025;20.612.648,80
05-2025;21.383.006,80
06-2025;24.043.106,30
07-2025;26.755.378,50
08-2025;22.651.674,60
09-2025;23.003.107,50
10-2025;22.811.084,95
11-2025;22.764.192,78
12-2025;23.504.648,23
01-2026;25.199.114,90
02-2026;22.638.873,55
03-2026;23.635.170,43
04-2026;21.203.202,30
05-2026;22.047.122,28
06-2026;3.652.153,83
