14/01/2000;-17.617
15/02/2000;-17.259
15/03/2000;-17.234
14/04/2000;-17.559
15/05/2000;-18.084
15/06/2000;-18.953
14/07/2000;-19.291
15/08/2000;-20.255
15/09/2000;-22.088
13/10/2000;-22.103
15/11/2000;-20.961
15/12/2000;-20.033
15/01/2001;-19.939
15/02/2001;-20.942
15/03/2001;-22.267
13/04/2001;-24.227
15/05/2001;-26.379
15/06/2001;-28.441
13/07/2001;-29.974
15/08/2001;-31.451
14/09/2001;-32.724
15/10/2001;-33.384
15/11/2001;-33.312
14/12/2001;-32.282
15/01/2002;-31.342
15/02/2002;-31.232
15/03/2002;-32.011
15/04/2002;-33.692
15/05/2002;-35.202
14/06/2002;-36.886
15/07/2002;-38.206
15/08/2002;-39.729
13/09/2002;-41.274
15/10/2002;-43.534
15/11/2002;-46.524
13/12/2002;-49.419
15/01/2003;-51.484
14/02/2003;-52.843
14/03/2003;-53.189
15/04/2003;-52.007
15/05/2003;-5.031
13/06/2003;-48.687
15/07/2003;-47.691
15/08/2003;-47.372
15/09/2003;-46.964
15/10/2003;-46.252
14/11/2003;-45.453
15/12/2003;-45.149
15/01/2004;-44.727
13/02/2004;-43.995
15/03/2004;-43.862
15/04/2004;-44.458
14/05/2004;-45.004
15/06/2004;-45.048
15/07/2004;-44.701
13/08/2004;-44.072
15/09/2004;-43.353
15/10/2004;-42.927
15/11/2004;-42.773
15/12/2004;-42.116
14/01/2005;-41.143
15/02/2005;-40.617
15/03/2005;-4.102
15/04/2005;-42.554
13/05/2005;-4.474
15/06/2005;-4.619
15/07/2005;-46.606
15/08/2005;-46.111
15/09/2005;-45.624
14/10/2005;-44.736
15/11/2005;-43.243
15/12/2005;-40.728
13/01/2006;-38.577
15/02/2006;-37.522
15/03/2006;-36.923
14/04/2006;-36.602
15/05/2006;-36.918
15/06/2006;-37.262
14/07/2006;-36.783
15/08/2006;-36.134
15/09/2006;-35.345
13/10/2006;-34.461
15/11/2006;-33.294
15/12/2006;-32.039
15/01/2007;-31.398
15/02/2007;-30.437
15/03/2007;-29.318
13/04/2007;-28.164
15/05/2007;-27.142
15/06/2007;-27.343
13/07/2007;-28.677
15/08/2007;-31.496
14/09/2007;-34.737
15/10/2007;-37.814
15/11/2007;-41.295
14/12/2007;-44.092
15/01/2008;-46.512
15/02/2008;-47.986
14/03/2008;-49.352
15/04/2008;-51.909
15/05/2008;-56.309
13/06/2008;-61.569
15/07/2008;-64.597
15/08/2008;-6.434
15/09/2008;-6.373
15/10/2008;-64.968
14/11/2008;-66.479
15/12/2008;-68.204
15/01/2009;-69.308
13/02/2009;-69.856
13/03/2009;-68.663
15/04/2009;-65.354
15/05/2009;-61.568
15/06/2009;-57.721
15/07/2009;-53.657
14/08/2009;-4.962
15/09/2009;-4.587
15/10/2009;-43.321
13/11/2009;-42.324
15/12/2009;-42.604
15/01/2010;-44.249
15/02/2010;-46.653
15/03/2010;-48.437
15/04/2010;-50.015
14/05/2010;-5.259
15/06/2010;-53.182
15/07/2010;-50.679
13/08/2010;-47.075
15/09/2010;-44.746
15/10/2010;-43.775
15/11/2010;-43.499
15/12/2010;-44.527
14/01/2011;-45.873
15/02/2011;-4.681
15/03/2011;-48.135
15/04/2011;-49.404
13/05/2011;-4.996
15/06/2011;-50.278
15/07/2011;-51.672
15/08/2011;-54.669
15/09/2011;-57.352
14/10/2011;-59.164
15/11/2011;-59.792
15/12/2011;-60.234
13/01/2012;-60.076
15/02/2012;-59.144
15/03/2012;-58.444
13/04/2012;-59.005
15/05/2012;-59.963
15/06/2012;-60.877
13/07/2012;-62.076
15/08/2012;-6.375
14/09/2012;-6.553
15/10/2012;-66.383
15/11/2012;-66.759
14/12/2012;-66.428
15/01/2013;-64.888
15/02/2013;-63.525
15/03/2013;-62.713
15/04/2013;-62.124
15/05/2013;-61.806
14/06/2013;-60.419
15/07/2013;-57.905
15/08/2013;-54.783
13/09/2013;-52.049
15/10/2013;-50.637
15/11/2013;-49.446
13/12/2013;-48.059
15/01/2014;-46.364
14/02/2014;-44.634
14/03/2014;-42.873
15/04/2014;-41.754
15/05/2014;-41.245
13/06/2014;-41.471
15/07/2014;-4.243
15/08/2014;-44.038
15/09/2014;-45.161
15/10/2014;-45.151
14/11/2014;-44.291
15/12/2014;-41.971
15/01/2015;-38.077
13/02/2015;-33.739
13/03/2015;-30.776
15/04/2015;-30.287
15/05/2015;-31.688
15/06/2015;-33.468
15/07/2015;-34.655
14/08/2015;-34.351
15/09/2015;-33.418
15/10/2015;-32.167
13/11/2015;-30.768
15/12/2015;-29.981
15/01/2016;-30.459
15/02/2016;-31.972
15/03/2016;-33.442
15/04/2016;-34.057
13/05/2016;-34.407
15/06/2016;-34.564
15/07/2016;-34.781
15/08/2016;-34.547
15/09/2016;-33.678
14/10/2016;-32.031
15/11/2016;-30.367
15/12/2016;-29.389
13/01/2017;-29.308
15/02/2017;-29.785
15/03/2017;-29.217
14/04/2017;-28.187
15/05/2017;-27.155
15/06/2017;-25.918
14/07/2017;-24.906
15/08/2017;-24.065
15/09/2017;-23.081
13/10/2017;-21.703
15/11/2017;-20.462
15/12/2017;-19.698
15/01/2018;-20.013
15/02/2018;-21.213
15/03/2018;-22.501
13/04/2018;-23.647
15/05/2018;-24.996
15/06/2018;-25.806
13/07/2018;-26.291
15/08/2018;-26.819
14/09/2018;-27.422
15/10/2018;-2.779
15/11/2018;-28.766
14/12/2018;-29.884
15/01/2019;-29.957
15/02/2019;-29.622
15/03/2019;-29.181
15/04/2019;-29.188
15/05/2019;-29.328
14/06/2019;-29.714
15/07/2019;-29.967
15/08/2019;-30.389
13/09/2019;-30.416
15/10/2019;-30.276
15/11/2019;-29.924
13/12/2019;-30.224
15/01/2020;-31.732
14/02/2020;-37.275
13/03/2020;-49.131
15/04/2020;-61.138
15/05/2020;-62.262
15/06/2020;-56.758
15/07/2020;-52.057
14/08/2020;-49.371
15/09/2020;-48.651
15/10/2020;-49.968
13/11/2020;-50.833
15/12/2020;-49.065
15/01/2021;-47.678
15/02/2021;-44.882
15/03/2021;-39.916
15/04/2021;-34.274
14/05/2021;-27.515
15/06/2021;-22.655
15/07/2021;-21.933
13/08/2021;-23.039
15/09/2021;-24.295
15/10/2021;-27.196
15/11/2021;-31.244
15/12/2021;-34.958
14/01/2022;-39.414
15/02/2022;-4.741
15/03/2022;-59.789
15/04/2022;-67.707
13/05/2022;-72.159
15/06/2022;-76.577
15/07/2022;-80.555
15/08/2022;-82.488
15/09/2022;-83.961
14/10/2022;-81.804
15/11/2022;-76.554
15/12/2022;-71.213
13/01/2023;-66.821
15/02/2023;-63.357
15/03/2023;-60.724
14/04/2023;-58.036
15/05/2023;-55.983
15/06/2023;-54.296
14/07/2023;-53.795
15/08/2023;-55.201
15/09/2023;-57.286
13/10/2023;-57.816
15/11/2023;-56.438
15/12/2023;-54.412
15/01/2024;-53.371
15/02/2024;-52.377
15/03/2024;-51.061
15/04/2024;-49.828
15/05/2024;-48.818
14/06/2024;-47.834
15/07/2024;-46.829
15/08/2024;-46.365
13/09/2024;-46.006
15/10/2024;-46.087
15/11/2024;-47.028
13/12/2024;-47.948
15/01/2025;-48.596
14/02/2025;-4.948
14/03/2025;-50.954
15/04/2025;-52.341
15/05/2025;-5.228
13/06/2025;-52.054
15/07/2025;-51.724
15/08/2025;-51.403
15/09/2025;-50.539
15/10/2025;-49.543
14/11/2025;-49.088
15/12/2025;-49.006
