14/01/2000;243.562
15/02/2000;271.459
15/03/2000;282.189
14/04/2000;257.511
15/05/2000;273.605
15/06/2000;248.927
14/07/2000;255.365
15/08/2000;26.073
15/09/2000;234.979
13/10/2000;247.854
15/11/2000;240.343
15/12/2000;23.176
15/01/2001;225.322
15/02/2001;187.768
15/03/2001;166.309
13/04/2001;131.974
15/05/2001;106.223
15/06/2001;99.785
13/07/2001;94.421
15/08/2001;74.034
14/09/2001;34.335
15/10/2001;-0.1073
15/11/2001;-27.897
14/12/2001;0.2146
15/01/2002;30.043
15/02/2002;37.554
15/03/2002;5.794
15/04/2002;4.721
15/05/2002;54.721
14/06/2002;33.262
15/07/2002;20.386
15/08/2002;-0.5365
13/09/2002;12.876
15/10/2002;-0.5365
15/11/2002;-0.6438
13/12/2002;-19.313
15/01/2003;-11.803
14/02/2003;-0.8584
14/03/2003;-26.824
15/04/2003;-20.386
15/05/2003;-23.605
13/06/2003;-12.876
15/07/2003;-0.7511
15/08/2003;17.167
15/09/2003;23.605
15/10/2003;41.845
14/11/2003;63.305
15/12/2003;5.794
15/01/2004;52.575
13/02/2004;6.867
15/03/2004;63.305
15/04/2004;69.742
14/05/2004;75.107
15/06/2004;75.107
15/07/2004;77.253
13/08/2004;70.815
15/09/2004;81.545
15/10/2004;83.691
15/11/2004;70.815
15/12/2004;69.742
14/01/2005;79.399
15/02/2005;66.524
15/03/2005;55.794
15/04/2005;54.721
13/05/2005;41.845
15/06/2005;45.064
15/07/2005;59.013
15/08/2005;72.961
15/09/2005;79.399
14/10/2005;99.785
15/11/2005;100.858
15/12/2005;114.807
13/01/2006;13.412
15/02/2006;13.412
15/03/2006;14.485
14/04/2006;164.163
15/05/2006;168.455
15/06/2006;170.601
14/07/2006;174.893
15/08/2006;180.258
15/09/2006;187.768
13/10/2006;196.352
15/11/2006;198.498
15/12/2006;212.446
15/01/2007;193.133
15/02/2007;198.498
15/03/2007;203.863
13/04/2007;204.936
15/05/2007;20.279
15/06/2007;199.571
13/07/2007;193.133
15/08/2007;182.403
14/09/2007;16.309
15/10/2007;157.725
15/11/2007;149.142
14/12/2007;139.485
15/01/2008;122.318
15/02/2008;10.515
14/03/2008;96.567
15/04/2008;70.815
15/05/2008;62.232
13/06/2008;16.094
15/07/2008;-17.167
15/08/2008;-36.481
15/09/2008;-4.721
15/10/2008;-116.953
14/11/2008;-174.893
15/12/2008;-246.781
15/01/2009;-243.562
13/02/2009;-269.313
13/03/2009;-27.897
15/04/2009;-252.146
15/05/2009;-21.03
15/06/2009;-182.403
15/07/2009;-150.215
14/08/2009;-96.567
15/09/2009;-6.867
15/10/2009;-43.991
13/11/2009;-31.116
15/12/2009;-1.073
15/01/2010;-0.1073
15/02/2010;-0.5365
15/03/2010;16.094
15/04/2010;55.794
14/05/2010;3.97
15/06/2010;38.627
15/07/2010;62.232
13/08/2010;79.399
15/09/2010;90.129
15/10/2010;94.421
15/11/2010;101.931
15/12/2010;109.442
14/01/2011;106.223
15/02/2011;111.588
15/03/2011;108.369
15/04/2011;101.931
13/05/2011;94.421
15/06/2011;90.129
15/07/2011;71.888
15/08/2011;40.773
15/09/2011;13.948
14/10/2011;0.4292
15/11/2011;-0.3219
15/12/2011;-20.386
13/01/2012;-1.824
15/02/2012;-13.948
15/03/2012;-0.7511
13/04/2012;-16.094
15/05/2012;-35.408
15/06/2012;-37.554
13/07/2012;-56.867
15/08/2012;-65.451
14/09/2012;-79.399
15/10/2012;-89.056
15/11/2012;-77.253
14/12/2012;-72.961
15/01/2013;-54.721
15/02/2013;-48.283
15/03/2013;-49.356
15/04/2013;-5.794
15/05/2013;-51.502
14/06/2013;-37.554
15/07/2013;-2.897
15/08/2013;0
13/09/2013;27.897
15/10/2013;26.824
15/11/2013;3.97
13/12/2013;48.283
15/01/2014;5.794
14/02/2014;62.232
14/03/2014;74.034
15/04/2014;6.867
15/05/2014;6.867
13/06/2014;62.232
15/07/2014;61.159
15/08/2014;48.283
15/09/2014;40.773
15/10/2014;46.137
14/11/2014;50.429
15/12/2014;52.575
15/01/2015;66.524
13/02/2015;85.837
13/03/2015;109.442
15/04/2015;109.442
15/05/2015;10.515
15/06/2015;106.223
15/07/2015;106.223
14/08/2015;109.442
15/09/2015;121.245
15/10/2015;123.391
13/11/2015;127.682
15/12/2015;129.828
15/01/2016;125.536
15/02/2016;116.953
15/03/2016;112.661
15/04/2016;119.099
13/05/2016;116.953
15/06/2016;118.026
15/07/2016;11.588
15/08/2016;110.515
15/09/2016;121.245
14/10/2016;137.339
15/11/2016;140.558
15/12/2016;154.506
13/01/2017;162.017
15/02/2017;162.017
15/03/2017;168.455
14/04/2017;180.258
15/05/2017;179.185
15/06/2017;19.206
14/07/2017;200.644
15/08/2017;200.644
15/09/2017;213.519
13/10/2017;226.395
15/11/2017;229.614
15/12/2017;242.489
15/01/2018;236.052
15/02/2018;227.468
15/03/2018;209.227
13/04/2018;217.811
15/05/2018;198.498
15/06/2018;20.279
13/07/2018;193.133
15/08/2018;190.987
14/09/2018;189.914
15/10/2018;186.695
15/11/2018;187.768
14/12/2018;169.528
15/01/2019;153.433
15/02/2019;148.069
15/03/2019;140.558
15/04/2019;124.464
15/05/2019;135.193
14/06/2019;110.515
15/07/2019;100.858
15/08/2019;107.296
13/09/2019;95.494
15/10/2019;94.421
15/11/2019;104.077
13/12/2019;110.515
15/01/2020;128.755
14/02/2020;131.974
13/03/2020;0.4292
15/04/2020;-380.901
15/05/2020;-32.618
15/06/2020;-197.425
15/07/2020;-108.369
14/08/2020;-31.116
15/09/2020;15.021
15/10/2020;22.532
13/11/2020;-12.876
15/12/2020;38.627
15/01/2021;31.116
15/02/2021;49.356
15/03/2021;107.296
15/04/2021;137.339
14/05/2021;190.987
15/06/2021;256.438
15/07/2021;277.897
13/08/2021;270.386
15/09/2021;27.897
15/10/2021;285.408
15/11/2021;261.803
15/12/2021;242.489
14/01/2022;222.103
15/02/2022;236.052
15/03/2022;142.704
15/04/2022;127.682
13/05/2022;129.828
15/06/2022;119.099
15/07/2022;6.867
15/08/2022;59.013
15/09/2022;20.386
14/10/2022;1.073
15/11/2022;23.605
15/12/2022;41.845
13/01/2023;64.378
15/02/2023;59.013
15/03/2023;55.794
14/04/2023;62.232
15/05/2023;37.554
15/06/2023;27.897
14/07/2023;20.386
15/08/2023;1.073
15/09/2023;0.7511
13/10/2023;0.5365
15/11/2023;0.9657
15/12/2023;37.554
15/01/2024;25.751
15/02/2024;21.459
15/03/2024;32.189
15/04/2024;32.189
15/05/2024;34.335
14/06/2024;33.262
15/07/2024;32.189
15/08/2024;37.554
13/09/2024;31.116
15/10/2024;33.262
15/11/2024;30.043
13/12/2024;0.6438
15/01/2025;21.459
14/02/2025;34.335
14/03/2025;25.751
15/04/2025;17.167
15/05/2025;27.897
13/06/2025;13.948
15/07/2025;30.043
15/08/2025;25.751
15/09/2025;30.043
15/10/2025;42.918
14/11/2025;42.918
15/12/2025;38.627
