15/01/2004;155.059
13/02/2004;16.82
15/03/2004;164.258
15/04/2004;17.477
14/05/2004;177.398
15/06/2004;178.712
15/07/2004;189.225
13/08/2004;159.001
15/09/2004;178.712
15/10/2004;185.283
15/11/2004;169.514
15/12/2004;169.514
14/01/2005;191.853
15/02/2005;176.084
15/03/2005;180.026
15/04/2005;197.109
13/05/2005;18.134
15/06/2005;191.853
15/07/2005;199.737
15/08/2005;187.911
15/09/2005;207.622
14/10/2005;21.025
15/11/2005;226.018
15/12/2005;214.192
13/01/2006;220.762
15/02/2006;21.682
15/03/2006;226.018
14/04/2006;233.903
15/05/2006;257.556
15/06/2006;256.242
14/07/2006;254.928
15/08/2006;25.887
15/09/2006;26.544
13/10/2006;262.812
15/11/2006;272.011
15/12/2006;295.664
15/01/2007;293.035
15/02/2007;296.978
15/03/2007;304.862
13/04/2007;287.779
15/05/2007;306.176
15/06/2007;306.176
13/07/2007;311.432
15/08/2007;315.375
14/09/2007;311.432
15/10/2007;320.631
15/11/2007;311.432
14/12/2007;321.945
15/01/2008;34.297
15/02/2008;34.297
14/03/2008;325.887
15/04/2008;337.714
15/05/2008;306.176
13/06/2008;30.749
15/07/2008;293.035
15/08/2008;287.779
15/09/2008;270.696
15/10/2008;240.473
14/11/2008;194.481
15/12/2008;147.175
15/01/2009;88.042
13/02/2009;64.389
13/03/2009;55.191
15/04/2009;44.678
15/05/2009;68.331
15/06/2009;72.273
15/07/2009;74.901
14/08/2009;76.216
15/09/2009;105.125
15/10/2009;9.724
13/11/2009;103.811
15/12/2009;102.497
15/01/2010;114.323
15/02/2010;110.381
15/03/2010;140.604
15/04/2010;141.919
14/05/2010;162.943
15/06/2010;173.456
15/07/2010;164.258
13/08/2010;176.084
15/09/2010;18.134
15/10/2010;189.225
15/11/2010;199.737
15/12/2010;206.307
14/01/2011;208.936
15/02/2011;22.339
15/03/2011;220.762
15/04/2011;222.076
13/05/2011;229.961
15/06/2011;21.025
15/07/2011;224.704
15/08/2011;22.339
15/09/2011;214.192
14/10/2011;211.564
15/11/2011;212.878
15/12/2011;207.622
13/01/2012;199.737
15/02/2012;194.481
15/03/2012;207.622
13/04/2012;186.597
15/05/2012;199.737
15/06/2012;191.853
13/07/2012;198.423
15/08/2012;206.307
14/09/2012;18.134
15/10/2012;172.142
15/11/2012;162.943
14/12/2012;170.828
15/01/2013;165.572
15/02/2013;164.258
15/03/2013;173.456
15/04/2013;180.026
15/05/2013;18.134
14/06/2013;187.911
15/07/2013;17.477
15/08/2013;183.968
13/09/2013;185.283
15/10/2013;180.026
15/11/2013;195.795
13/12/2013;197.109
15/01/2014;197.109
14/02/2014;207.622
14/03/2014;202.365
15/04/2014;220.762
15/05/2014;206.307
13/06/2014;197.109
15/07/2014;214.192
15/08/2014;187.911
15/09/2014;202.365
15/10/2014;202.365
14/11/2014;201.051
15/12/2014;215.506
15/01/2015;206.307
13/02/2015;236.531
13/03/2015;240.473
15/04/2015;229.961
15/05/2015;241.787
15/06/2015;245.729
15/07/2015;248.357
14/08/2015;240.473
15/09/2015;241.787
15/10/2015;241.787
13/11/2015;239.159
15/12/2015;247.043
15/01/2016;270.696
15/02/2016;245.729
15/03/2016;235.217
15/04/2016;256.242
13/05/2016;237.845
15/06/2016;250.986
15/07/2016;248.357
15/08/2016;249.671
15/09/2016;253.614
14/10/2016;260.184
15/11/2016;264.126
15/12/2016;25.887
13/01/2017;256.242
15/02/2017;272.011
15/03/2017;273.325
14/04/2017;281.209
15/05/2017;286.465
15/06/2017;283.837
14/07/2017;30.092
15/08/2017;308.804
15/09/2017;30.749
13/10/2017;308.804
15/11/2017;344.284
15/12/2017;340.342
15/01/2018;324.573
15/02/2018;30.092
15/03/2018;304.862
13/04/2018;310.118
15/05/2018;327.201
15/06/2018;324.573
13/07/2018;303.548
15/08/2018;320.631
14/09/2018;311.432
15/10/2018;316.689
15/11/2018;299.606
14/12/2018;30.092
15/01/2019;311.432
15/02/2019;308.804
15/03/2019;311.432
15/04/2019;308.804
15/05/2019;312.746
14/06/2019;296.978
15/07/2019;295.664
15/08/2019;299.606
13/09/2019;299.606
15/10/2019;306.176
15/11/2019;289.093
13/12/2019;266.754
15/01/2020;30.092
14/02/2020;290.407
13/03/2020;135.348
15/04/2020;-88.042
15/05/2020;47.306
15/06/2020;152.431
15/07/2020;215.506
14/08/2020;219.448
15/09/2020;226.018
15/10/2020;260.184
13/11/2020;311.432
15/12/2020;296.978
15/01/2021;31.406
15/02/2021;296.978
15/03/2021;311.432
15/04/2021;320.631
14/05/2021;304.862
15/06/2021;31.406
15/07/2021;336.399
13/08/2021;303.548
15/09/2021;302.234
15/10/2021;302.234
15/11/2021;315.375
15/12/2021;345.598
14/01/2022;336.399
15/02/2022;346.912
15/03/2022;318.003
15/04/2022;316.689
13/05/2022;354.796
15/06/2022;352.168
15/07/2022;324.573
15/08/2022;35.611
15/09/2022;374.507
14/10/2022;366.623
15/11/2022;378.449
15/12/2022;337.714
13/01/2023;365.309
15/02/2023;377.135
15/03/2023;331.143
14/04/2023;339.028
15/05/2023;344.284
15/06/2023;357.424
14/07/2023;31.406
15/08/2023;308.804
15/09/2023;310.118
13/10/2023;298.292
15/11/2023;315.375
15/12/2023;302.234
15/01/2024;290.407
15/02/2024;295.664
15/03/2024;286.465
15/04/2024;29.435
15/05/2024;273.325
14/06/2024;29.435
15/07/2024;285.151
15/08/2024;290.407
13/09/2024;281.209
15/10/2024;285.151
15/11/2024;285.151
13/12/2024;273.325
15/01/2025;30.092
14/02/2025;30.749
14/03/2025;344.284
15/04/2025;298.292
15/05/2025;316.689
13/06/2025;304.862
15/07/2025;30.749
15/08/2025;306.176
15/09/2025;299.606
15/10/2025;30.092
14/11/2025;308.804
15/12/2025;303.548
