15/07/2004;0
13/08/2004;0
15/09/2004;10.638
15/10/2004;10.638
15/11/2004;10.638
15/12/2004;0
14/01/2005;-10.638
15/02/2005;-10.638
15/03/2005;-10.638
15/04/2005;0
13/05/2005;-10.638
15/06/2005;-10.638
15/07/2005;-21.277
15/08/2005;-21.277
15/09/2005;-21.277
14/10/2005;-21.277
15/11/2005;-31.915
15/12/2005;-31.915
13/01/2006;-42.553
15/02/2006;-53.191
15/03/2006;-6.383
14/04/2006;-74.468
15/05/2006;-85.106
15/06/2006;-95.745
14/07/2006;-106.383
15/08/2006;-106.383
15/09/2006;-117.021
13/10/2006;-12.766
15/11/2006;-12.766
15/12/2006;-138.298
15/01/2007;-148.936
15/02/2007;-159.574
15/03/2007;-170.213
13/04/2007;-180.851
15/05/2007;-180.851
15/06/2007;-191.489
13/07/2007;-191.489
15/08/2007;-191.489
14/09/2007;-202.128
15/10/2007;-212.766
15/11/2007;-212.766
14/12/2007;-212.766
15/01/2008;-212.766
15/02/2008;-223.404
14/03/2008;-223.404
15/04/2008;-212.766
15/05/2008;-202.128
13/06/2008;-191.489
15/07/2008;-202.128
15/08/2008;-191.489
15/09/2008;-180.851
15/10/2008;-170.213
14/11/2008;-148.936
15/12/2008;-117.021
15/01/2009;-74.468
13/02/2009;-42.553
13/03/2009;-10.638
15/04/2009;10.638
15/05/2009;21.277
15/06/2009;31.915
15/07/2009;42.553
14/08/2009;42.553
15/09/2009;6.383
15/10/2009;74.468
13/11/2009;74.468
15/12/2009;74.468
15/01/2010;95.745
15/02/2010;95.745
15/03/2010;95.745
15/04/2010;106.383
14/05/2010;106.383
15/06/2010;95.745
15/07/2010;95.745
13/08/2010;85.106
15/09/2010;95.745
15/10/2010;95.745
15/11/2010;95.745
15/12/2010;85.106
14/01/2011;85.106
15/02/2011;85.106
15/03/2011;85.106
15/04/2011;74.468
13/05/2011;74.468
15/06/2011;85.106
15/07/2011;95.745
15/08/2011;106.383
15/09/2011;117.021
14/10/2011;12.766
15/11/2011;148.936
15/12/2011;159.574
13/01/2012;159.574
15/02/2012;180.851
15/03/2012;202.128
13/04/2012;212.766
15/05/2012;212.766
15/06/2012;223.404
13/07/2012;234.043
15/08/2012;234.043
14/09/2012;244.681
15/10/2012;265.957
15/11/2012;276.596
14/12/2012;287.234
15/01/2013;308.511
15/02/2013;308.511
15/03/2013;308.511
15/04/2013;308.511
15/05/2013;308.511
14/06/2013;297.872
15/07/2013;297.872
15/08/2013;287.234
13/09/2013;297.872
15/10/2013;287.234
15/11/2013;287.234
13/12/2013;287.234
15/01/2014;287.234
14/02/2014;287.234
14/03/2014;276.596
15/04/2014;255.319
15/05/2014;255.319
13/06/2014;234.043
15/07/2014;244.681
15/08/2014;234.043
15/09/2014;234.043
15/10/2014;234.043
14/11/2014;244.681
15/12/2014;223.404
15/01/2015;212.766
13/02/2015;202.128
13/03/2015;202.128
15/04/2015;191.489
15/05/2015;180.851
15/06/2015;180.851
15/07/2015;148.936
14/08/2015;138.298
15/09/2015;138.298
15/10/2015;138.298
13/11/2015;12.766
15/12/2015;117.021
15/01/2016;117.021
15/02/2016;106.383
15/03/2016;95.745
15/04/2016;95.745
13/05/2016;85.106
15/06/2016;74.468
15/07/2016;6.383
15/08/2016;53.191
15/09/2016;53.191
14/10/2016;42.553
15/11/2016;42.553
15/12/2016;31.915
13/01/2017;21.277
15/02/2017;10.638
15/03/2017;0
14/04/2017;-10.638
15/05/2017;-21.277
15/06/2017;-31.915
14/07/2017;-42.553
15/08/2017;-42.553
15/09/2017;-53.191
13/10/2017;-6.383
15/11/2017;-74.468
15/12/2017;-74.468
15/01/2018;-74.468
15/02/2018;-85.106
15/03/2018;-95.745
13/04/2018;-106.383
15/05/2018;-117.021
15/06/2018;-12.766
13/07/2018;-138.298
15/08/2018;-148.936
14/09/2018;-148.936
15/10/2018;-148.936
15/11/2018;-159.574
14/12/2018;-170.213
15/01/2019;-170.213
15/02/2019;-170.213
15/03/2019;-180.851
15/04/2019;-180.851
15/05/2019;-191.489
14/06/2019;-202.128
15/07/2019;-202.128
15/08/2019;-212.766
13/09/2019;-212.766
15/10/2019;-212.766
15/11/2019;-212.766
13/12/2019;-212.766
15/01/2020;-212.766
14/02/2020;-223.404
13/03/2020;-234.043
15/04/2020;-212.766
15/05/2020;-191.489
15/06/2020;-138.298
15/07/2020;-95.745
14/08/2020;-85.106
15/09/2020;-95.745
15/10/2020;-106.383
13/11/2020;-12.766
15/12/2020;-12.766
15/01/2021;-12.766
15/02/2021;-12.766
15/03/2021;-12.766
15/04/2021;-12.766
14/05/2021;-138.298
15/06/2021;-170.213
15/07/2021;-191.489
13/08/2021;-202.128
15/09/2021;-212.766
15/10/2021;-234.043
15/11/2021;-244.681
15/12/2021;-255.319
14/01/2022;-265.957
15/02/2022;-276.596
15/03/2022;-276.596
15/04/2022;-276.596
13/05/2022;-287.234
15/06/2022;-287.234
15/07/2022;-287.234
15/08/2022;-287.234
15/09/2022;-287.234
14/10/2022;-287.234
15/11/2022;-287.234
15/12/2022;-287.234
13/01/2023;-297.872
15/02/2023;-297.872
15/03/2023;-308.511
14/04/2023;-308.511
15/05/2023;-308.511
15/06/2023;-319.149
14/07/2023;-297.872
15/08/2023;-308.511
15/09/2023;-297.872
13/10/2023;-297.872
15/11/2023;-308.511
15/12/2023;-308.511
15/01/2024;-308.511
15/02/2024;-308.511
15/03/2024;-319.149
15/04/2024;-319.149
15/05/2024;-319.149
14/06/2024;-319.149
15/07/2024;-319.149
15/08/2024;-329.787
13/09/2024;-329.787
15/10/2024;-340.426
15/11/2024;-340.426
13/12/2024;-340.426
15/01/2025;-329.787
14/02/2025;-329.787
14/03/2025;-329.787
15/04/2025;-329.787
15/05/2025;-329.787
13/06/2025;-329.787
15/07/2025;-329.787
15/08/2025;-329.787
15/09/2025;-329.787
15/10/2025;-329.787
14/11/2025;-329.787
15/12/2025;-329.787
15/01/2026;-329.787
13/02/2026;-319.149
13/03/2026;-329.787
15/04/2026;-340.426
15/05/2026;-340.426
