"Date";"Gas in storage (TWh)";"Full (%)";"Trend (%)";"Injection (GWh/d)";"Withdrawal (GWh/d)";"Technical Capacity (TWh)";"Injection capacity (GWh/d)";"Withdrawal capacity (GWh/d)";"Contracted Capacity (TWh)";"Available Capacity (TWh)"
"2026-07-01";"586.9394";"51.9229";"0.249";"3245.8562";"377.7952";"1130.4098";"12247.7667";"20017.7595";"1014.8337";"119.2236"
"2026-06-01";"509.3408";"45.0393";"0.286";"3477.855";"241.65";"1130.893";"12238.563";"20068.758";"1012.0972";"120.336"
"2026-05-01";"413.8475";"36.5635";"0.2474";"3126.4403";"287.8677";"1131.8557";"12248.2423";"20022.9265";"1000.4783";"129.4085"
"2026-04-01";"339.8151";"30.0047";"0.1697";"2322.5277";"576.6667";"1132.5339";"12247.1637";"20065.758";"1026.222";"80.8172"
"2026-03-01";"329.8249";"28.8723";"-0.0816";"1082.4413";"1954.4";"1142.3671";"12208.1877";"20216.2771";"1036.7399";"108.2558"
"2026-02-01";"389.131";"34.0561";"-0.3939";"526.7425";"5021.4643";"1142.6333";"12176.9525";"20265.3675";"1035.5895";"108.0558"
"2026-01-01";"582.5244";"50.9806";"-0.6613";"231.381";"7975.9161";"1142.6318";"12141.4935";"20406.4065";"1097.8917";"45.5605"
"2025-12-01";"783.9843";"68.6174";"-0.4255";"313.569";"5166.071";"1142.5381";"12066.0642";"20444.9926";"1066.7833";"76.8619"
"2025-11-01";"920.0005";"80.5623";"-0.254";"558.1817";"3421.28";"1141.9695";"11957.4213";"20192.6033";"1068.0131";"74.6837"
"2025-10-01";"945.5078";"82.8406";"0.0168";"1094.7239";"957.4548";"1141.3639";"11867.7961";"19952.6397";"1069.2728";"72.4829"
"2025-09-01";"918.5106";"80.6893";"0.1693";"2332.4473";"390.6667";"1138.3268";"12008.2333";"20091.0207";"1063.4131";"77.4069"
"2025-08-01";"835.4022";"73.5416";"0.2974";"3618.9035";"230.8839";"1135.9407";"12010.2323";"20101.5358";"1047.6361";"91.5959"
"2025-07-01";"723.6069";"63.8106";"0.3123";"3820.7587";"225.6774";"1133.982";"11979.521";"20098.6184";"1134.5705";"3.1119"
"2025-06-01";"611.2898";"53.9037";"0.354";"4281.863";"291.2167";"1134.0428";"11970.7987";"20111.096";"1023.2624";"116.0922"
"2025-05-01";"498.8692";"44.0871";"0.2874";"3578.9858";"283.7581";"1131.5222";"11989.8758";"20043.2932";"1006.5531";"131.7151"
"2025-04-01";"411.0286";"36.3877";"0.1743";"2524.473";"523.56";"1129.6211";"11803.057";"19894.1373";"1010.5286";"126.3569"
"2025-03-01";"403.9314";"35.1694";"-0.1445";"792.3435";"2170.6323";"1148.5063";"11748.4694";"19587.5519";"1107.9755";"68.8679"
"2025-02-01";"519.2076";"45.1982";"-0.5471";"311.5875";"6126.1036";"1148.7884";"11752.5393";"19712.3829";"1096.699";"68.6851"
"2025-01-01";"717.7065";"62.5306";"-0.5874";"235.0571";"7065.0387";"1147.7741";"11740.7161";"19835.3068";"1092.6115";"55.9861"
"2024-12-01";"897.8351";"78.2213";"-0.4277";"319.6258";"5211.0935";"1147.817";"11669.791";"19771.7852";"1046.3269";"86.3969"
"2024-11-01";"1043.5453";"90.921";"-0.3257";"321.4227";"4047.1967";"1147.7466";"11697.8147";"19899.9703";"1043.3051";"73.1537"
"2024-10-01";"1089.4964";"94.9477";"0.0306";"1054.7429";"712.4355";"1147.4688";"11807.6648";"19768.6758";"1043.9159";"61.895"
"2024-09-01";"1069.7751";"93.364";"0.0743";"1466.9547";"609.61";"1145.8121";"11874.5097";"19832.6293";"1042.9041";"64.8965"
"2024-08-01";"1013.907";"89.0145";"0.2484";"3083.6261";"212.9968";"1139.011";"11805.679";"19866.679";"1035.9321";"69.838"
"2024-07-01";"925.9901";"81.511";"0.2526";"3136.56";"250.1581";"1136.0128";"11801.06";"19817.8968";"1046.6446";"68.3568"
"2024-06-01";"834.1774";"73.5257";"0.252";"3111.759";"244.5033";"1134.5289";"11804.1993";"19787.3693";"1029.5885";"90.9365"
"2024-05-01";"750.3939";"66.2365";"0.2487";"3102.91";"315.1871";"1132.8904";"11786.539";"19763.2926";"1024.5478";"96.715"
"2024-04-01";"692.3461";"61.3197";"0.1173";"2103.6393";"943.0333";"1129.0589";"11679.9023";"19860.064";"1018.5962";"101.9813"
"2024-03-01";"684.6524";"59.9781";"-0.131";"797.6684";"2034.9258";"1141.4917";"11657.5777";"19925.0845";"1120.6902";"22.447"
"2024-02-01";"751.9893";"65.8938";"-0.2628";"446.7072";"3352.6345";"1141.1969";"11659.3397";"19972.5955";"1102.2281";"34.0134"
"2024-01-01";"889.3851";"77.9287";"-0.5171";"307.1481";"6145.8613";"1141.2817";"11650.1019";"20009.3506";"1096.4493";"21.956"
"2023-12-01";"1018.8579";"89.2732";"-0.29";"589.2913";"3795.9129";"1141.2816";"11679.4739";"20109.1974";"1092.8821";"10.6955"
"2023-11-01";"1124.9566";"98.5613";"-0.131";"414.368";"1880.5267";"1141.3814";"11861.5777";"20122.6453";"1096.8227";"-4.1933"
"2023-10-01";"1113.4988";"97.6994";"0.1197";"1644.5926";"286.1742";"1139.7179";"11888.5871";"19901.7455";"1121.6632";"-29.6095"
"2023-09-01";"1072.3545";"93.9143";"0.099";"1683.36";"528.3667";"1141.8313";"12025.0677";"19881.766";"1083.9157";"13.4248"
"2023-08-01";"1020.7885";"89.7594";"0.2361";"2915.5468";"285.7613";"1137.232";"12070.7477";"19896.1229";"1088.7738";"7.2318"
"2023-07-01";"922.3912";"81.5077";"0.2887";"3350.88";"142.4";"1131.6434";"12004.6558";"19877.461";"1079.2577";"16.4833"
"2023-06-01";"827.306";"73.2563";"0.2733";"3257.0";"264.0133";"1129.3281";"11956.3743";"19879.393";"1078.7369";"22.2482"
"2023-05-01";"726.4997";"64.2994";"0.2965";"3563.9206";"278.6452";"1129.8385";"11977.1539";"19902.299";"1088.1944";"21.9663"
"2023-04-01";"641.269";"56.8807";"0.1363";"2281.646";"698.83";"1127.3618";"11906.9643";"20027.4097";"1057.328";"53.1728"
"2023-03-01";"638.5061";"56.7719";"-0.1681";"739.6161";"2720.5645";"1124.6835";"11823.2926";"20059.4452";"1089.0237";"27.5011"
"2023-02-01";"740.0055";"65.8532";"-0.3925";"336.9443";"4733.2929";"1123.7442";"11813.3914";"20099.2343";"77.7412";"1.6839"
"2023-01-01";"891.7792";"79.5971";"-0.359";"523.0829";"4547.4903";"1120.4172";"11776.5684";"20016.8535";"0.0";"0.0"
"2022-12-01";"964.8548";"86.211";"-0.3039";"856.8845";"4128.8387";"1119.1645";"11663.6165";"20079.4455";"0.0";"0.0"
"2022-11-01";"1060.8696";"94.872";"-0.0573";"902.4243";"1517.53";"1118.2145";"11794.4493";"20103.7737";"0.0";"0.0"
"2022-10-01";"1028.0158";"92.2432";"0.2045";"2898.4352";"628.4419";"1114.4525";"11811.5232";"19919.549";"0.0";"0.0"
"2022-09-01";"947.8141";"85.0687";"0.2753";"3383.566";"362.3667";"1114.1752";"11746.4747";"19890.2513";"0.0";"0.0"
"2022-08-01";"838.3387";"75.4355";"0.3639";"4367.5171";"252.7097";"1111.2292";"11685.8832";"19865.0532";"0.0";"0.0"
"2022-07-01";"711.0641";"63.9787";"0.3603";"4516.921";"497.4";"1111.3947";"11704.16";"19852.9987";"0.0";"0.0"
"2022-06-01";"589.0285";"53.269";"0.373";"4404.9503";"342.83";"1105.5858";"11609.7623";"19679.4033";"0.0";"0.0"
"2022-05-01";"448.5163";"40.6577";"0.4506";"5255.6616";"304.4774";"1103.186";"11526.6229";"19487.1613";"0.0";"0.0"
"2022-04-01";"322.187";"29.1297";"0.2257";"3127.6557";"655.2167";"1106.1154";"11511.7173";"19607.4877";"0.0";"0.0"
"2022-03-01";"295.7828";"26.491";"-0.0877";"1686.87";"2528.5581";"1116.554";"11507.9874";"19497.0819";"0.0";"0.0"
"2022-02-01";"365.7707";"32.7554";"-0.3075";"551.3493";"3988.9786";"1116.6733";"11403.1164";"19591.7454";"0.0";"0.0"
"2022-01-01";"517.5571";"46.3477";"-0.521";"563.1471";"6318.6516";"1116.6965";"11384.8048";"19689.9652";"0.0";"0.0"
"2021-12-01";"662.4134";"59.3261";"-0.4587";"670.7655";"5784.4452";"1116.5587";"11374.7071";"19714.1319";"0.0";"0.0"
"2021-11-01";"817.7719";"73.2407";"-0.3113";"523.7687";"3991.83";"1116.5624";"11370.5187";"19753.0197";"0.0";"0.0"
"2021-10-01";"856.4433";"76.7016";"0.0784";"1593.0977";"902.9194";"1116.5871";"11172.5739";"19441.6074";"0.0";"0.0"
"2021-09-01";"795.6857";"71.145";"0.2403";"2919.5267";"320.25";"1118.4375";"11524.8753";"19483.1037";"0.0";"0.0"
"2021-08-01";"698.1555";"62.3206";"0.3335";"4187.51";"413.8871";"1120.2742";"11563.9474";"19426.0323";"0.0";"0.0"
"2021-07-01";"587.0477";"52.2616";"0.2981";"3824.2742";"475.7806";"1123.3111";"11584.3439";"19389.6335";"0.0";"0.0"
"2021-06-01";"483.4739";"43.0053";"0.3313";"3968.9037";"237.6633";"1124.222";"11625.064";"19395.9777";"0.0";"0.0"
"2021-05-01";"376.0121";"33.4816";"0.2484";"3415.1084";"556.829";"1122.9816";"11621.8177";"19323.1571";"0.0";"0.0"
"2021-04-01";"336.2974";"29.9607";"-0.005";"1455.3623";"1498.2833";"1122.44";"11398.0197";"19495.5067";"0.0";"0.0"
"2021-03-01";"360.7593";"32.2016";"-0.2132";"769.2945";"3170.1935";"1120.3539";"11308.3032";"19254.2523";"0.0";"0.0"
"2021-02-01";"477.6568";"42.6539";"-0.525";"431.1421";"6288.6107";"1119.8384";"11257.2225";"19171.5414";"0.0";"0.0"
"2021-01-01";"696.3653";"62.1758";"-0.7181";"264.7239";"8499.8323";"1119.9928";"11229.231";"19459.839";"0.0";"0.0"
"2020-12-01";"912.6492";"80.4084";"-0.4926";"447.1313";"5592.0968";"1134.9615";"11981.7894";"20532.2703";"0.0";"0.0"
"2020-11-01";"1053.6276";"92.786";"-0.2167";"581.011";"3069.0733";"1135.5494";"11965.014";"20652.4";"0.0";"0.0"
"2020-10-01";"1081.2233";"95.0981";"0.0052";"1063.191";"1041.3161";"1136.9537";"11960.9777";"20210.3155";"0.0";"0.0"
"2020-09-01";"1060.6866";"93.457";"0.1197";"2052.441";"631.0";"1134.9421";"11975.0243";"19865.8563";"0.0";"0.0"
"2020-08-01";"1010.1546";"89.0845";"0.19";"2905.0271";"629.5968";"1133.9242";"12039.8694";"19932.8287";"0.0";"0.0"
"2020-07-01";"946.5619";"83.6071";"0.1619";"2929.2187";"997.0645";"1132.1416";"12013.2358";"19935.6961";"0.0";"0.0"
"2020-06-01";"870.2022";"77.0143";"0.2563";"3330.7787";"373.26";"1129.8933";"11980.435";"19926.2473";"0.0";"0.0"
"2020-05-01";"771.5703";"68.2719";"0.3271";"4157.521";"456.9645";"1130.1684";"11966.6971";"19837.1642";"0.0";"0.0"
"2020-04-01";"657.9897";"58.1697";"0.277";"3607.5853";"489.9833";"1131.1859";"11944.1373";"19942.983";"0.0";"0.0"
"2020-03-01";"643.7653";"56.8906";"-0.2";"700.4181";"3035.2871";"1131.6042";"11886.7784";"20047.5868";"0.0";"0.0"
"2020-02-01";"743.4283";"65.7948";"-0.3703";"462.0824";"4677.6828";"1129.921";"11877.6514";"20398.4166";"0.0";"0.0"
"2020-01-01";"907.555";"80.3226";"-0.5348";"251.909";"6441.6065";"1129.9059";"11870.7374";"20506.4152";"0.0";"0.0"
"2019-12-01";"1025.2011";"90.7613";"-0.1865";"747.41";"2924.229";"1129.5519";"11862.7868";"20541.5829";"0.0";"0.0"
"2019-11-01";"1086.525";"96.2283";"-0.1013";"630.8773";"1762.6267";"1129.1018";"11924.698";"20423.3557";"0.0";"0.0"
"2019-10-01";"1096.1809";"97.3874";"0.0516";"1081.7316";"615.2032";"1125.5883";"11992.2545";"20312.8939";"0.0";"0.0"
"2019-09-01";"1057.7667";"94.6883";"0.1637";"2220.9353";"459.9967";"1117.0997";"11944.2857";"20178.263";"0.0";"0.0"
"2019-08-01";"979.6002";"87.8542";"0.2955";"3731.8352";"376.3129";"1115.0464";"11975.3923";"20239.0248";"0.0";"0.0"
"2019-07-01";"870.6459";"78.2026";"0.3206";"4001.239";"419.4226";"1113.3038";"12026.25";"20251.98";"0.0";"0.0"
"2019-06-01";"744.9825";"67.0507";"0.4317";"5223.7897";"371.4033";"1111.0816";"12046.227";"20226.732";"0.0";"0.0"
"2019-05-01";"603.9313";"54.4648";"0.3565";"4337.6245";"397.7581";"1108.8431";"11968.9735";"20195.0613";"0.0";"0.0"
"2019-04-01";"491.5166";"45.133";"0.3193";"3541.4567";"725.05";"1088.6751";"11866.997";"20246.768";"0.0";"0.0"
"2019-03-01";"460.2886";"41.4016";"-0.0903";"1480.6539";"1825.0387";"1111.7552";"11857.7594";"20273.0697";"0.0";"0.0"
"2019-02-01";"516.4858";"46.4121";"-0.3643";"575.4432";"4295.0357";"1112.8243";"11861.6529";"20336.9018";"0.0";"0.0"
"2019-01-01";"688.3139";"61.859";"-0.5555";"361.0797";"6439.5774";"1112.7225";"11811.5052";"20458.8365";"0.0";"0.0"
"2018-12-01";"834.5596";"75.0723";"-0.3539";"536.3661";"4432.1581";"1111.6842";"11793.3494";"20449.6761";"0.0";"0.0"
"2018-11-01";"946.7556";"85.169";"-0.1993";"654.636";"2822.8467";"1111.6102";"11728.4417";"20461.1257";"0.0";"0.0"
"2018-10-01";"947.3423";"85.1494";"0.1513";"2132.7968";"513.4387";"1112.5716";"11879.68";"19883.4232";"0.0";"0.0"
"2018-09-01";"867.7094";"78.0407";"0.2983";"3632.9917";"397.0067";"1111.8623";"12029.333";"19811.7963";"0.0";"0.0"
"2018-08-01";"748.5864";"67.3623";"0.4048";"4767.9103";"304.4032";"1111.2725";"12000.2361";"19750.4352";"0.0";"0.0"
"2018-07-01";"611.3878";"55.011";"0.3839";"4551.4345";"317.1387";"1111.386";"11983.2026";"19714.6742";"0.0";"0.0"
"2018-06-01";"479.025";"43.104";"0.3827";"4572.047";"260.6133";"1111.3435";"11958.836";"19682.7757";"0.0";"0.0"
"2018-05-01";"345.6854";"31.1984";"0.3981";"4715.4794";"337.6323";"1107.9515";"11826.2997";"19621.8332";"0.0";"0.0"
"2018-04-01";"226.6937";"20.6927";"0.2513";"3123.2343";"436.98";"1094.3615";"11892.5937";"19688.5953";"0.0";"0.0"
"2018-03-01";"241.2713";"21.7219";"-0.3681";"629.821";"4612.5258";"1110.4728";"11916.7994";"19972.0771";"0.0";"0.0"
"2018-02-01";"433.9557";"39.0475";"-0.7125";"236.7346";"8069.7786";"1111.3664";"11904.3275";"20153.7543";"0.0";"0.0"
"2018-01-01";"629.6747";"56.6703";"-0.4906";"330.5765";"5766.5355";"1111.1337";"11892.1497";"20272.9587";"0.0";"0.0"
"2017-12-01";"786.7076";"70.8403";"-0.5071";"407.3897";"6021.7806";"1110.5709";"11888.8929";"20361.7297";"0.0";"0.0"
"2017-11-01";"946.5443";"85.528";"-0.2873";"351.187";"3470.6133";"1106.7128";"11823.06";"20313.657";"0.0";"0.0"
"2017-10-01";"962.7881";"87.0203";"0.1552";"2139.94";"454.4742";"1106.3916";"11705.0094";"19684.8268";"0.0";"0.0"
"2017-09-01";"902.3815";"81.4417";"0.22";"3313.7517";"496.2767";"1108.097";"12124.2257";"20096.4853";"0.0";"0.0"
"2017-08-01";"784.3593";"70.2277";"0.4316";"5058.581";"191.5806";"1116.8648";"12155.6484";"20110.8771";"0.0";"0.0"
"2017-07-01";"637.3267";"57.0668";"0.4035";"4742.0152";"226.8839";"1116.7913";"12062.5442";"20061.9245";"0.0";"0.0"
"2017-06-01";"515.422";"46.1957";"0.3557";"4286.2027";"443.7333";"1115.7058";"12008.776";"20039.753";"0.0";"0.0"
"2017-05-01";"387.155";"34.7142";"0.3084";"3711.8819";"293.0581";"1115.2376";"12020.8287";"20070.4342";"0.0";"0.0"
"2017-04-01";"321.4963";"28.8393";"0.1537";"2220.133";"609.8533";"1114.7665";"11983.4933";"19714.7117";"0.0";"0.0"
"2017-03-01";"301.0618";"26.9274";"-0.1129";"880.2277";"2012.6452";"1118.0424";"12116.7594";"19971.4716";"0.0";"0.0"
"2017-02-01";"384.9736";"34.43";"-0.4118";"521.3568";"5180.4143";"1118.1497";"12116.9654";"20079.7782";"0.0";"0.0"
"2017-01-01";"581.7942";"52.0435";"-0.7152";"297.1026";"8484.8226";"1117.8974";"12080.871";"20125.7381";"0.0";"0.0"
"2016-12-01";"792.6388";"70.871";"-0.5229";"338.0113";"6148.229";"1118.4318";"12066.3032";"20112.2294";"0.0";"0.0"
"2016-11-01";"952.7653";"85.2227";"-0.344";"307.0603";"4115.3233";"1117.9815";"12051.1927";"20187.79";"0.0";"0.0"
"2016-10-01";"1009.8749";"90.3406";"0.0168";"1195.06";"1064.571";"1117.8595";"12059.1042";"20221.2339";"0.0";"0.0"
"2016-09-01";"969.9186";"86.4743";"0.196";"2749.5823";"407.61";"1121.7287";"12137.6267";"19889.3373";"0.0";"0.0"
"2016-08-01";"884.821";"78.6313";"0.3239";"4010.3903";"371.9677";"1125.2645";"12136.9097";"19884.2458";"0.0";"0.0"
"2016-07-01";"750.5298";"66.7684";"0.4213";"4847.3177";"130.5677";"1124.0793";"12142.2881";"19848.579";"0.0";"0.0"
"2016-06-01";"609.377";"54.2607";"0.3813";"4243.3503";"163.9233";"1123.0454";"12086.7353";"19778.989";"0.0";"0.0"
"2016-05-01";"491.4885";"43.7081";"0.3265";"4014.7358";"238.6355";"1124.4815";"11979.2897";"19920.2258";"0.0";"0.0"
"2016-04-01";"413.6192";"37.1637";"0.1753";"1867.6363";"642.78";"1112.5587";"11686.215";"19357.361";"0.0";"0.0"
"2016-03-01";"404.2931";"38.4106";"-0.2735";"321.1752";"3150.3452";"1052.5524";"10162.3526";"18113.2319";"0.0";"0.0"
"2016-02-01";"516.8975";"49.1121";"-0.3652";"178.8603";"3978.5828";"1052.4551";"10127.2421";"18177.6517";"0.0";"0.0"
"2016-01-01";"654.882";"61.9729";"-0.499";"187.2623";"5547.2452";"1056.7239";"10222.0265";"18465.061";"0.0";"0.0"
"2015-12-01";"774.4489";"73.641";"-0.2597";"427.3694";"3316.8065";"1051.6637";"9933.1977";"18043.86";"0.0";"0.0"
"2015-11-01";"863.6952";"82.1357";"-0.175";"676.3803";"2522.5733";"1051.546";"9922.154";"17985.3833";"0.0";"0.0"
"2015-10-01";"877.2712";"83.59";"0.0577";"1252.0655";"703.4806";"1049.4741";"10008.8142";"17730.5526";"0.0";"0.0"
"2015-09-01";"821.1597";"78.2907";"0.2827";"3140.168";"172.3667";"1048.8752";"10168.5357";"17621.0407";"0.0";"0.0"
"2015-08-01";"715.6688";"68.2345";"0.3794";"4112.5874";"139.7032";"1048.8371";"10228.6432";"17485.421";"0.0";"0.0"
"2015-07-01";"585.065";"55.7977";"0.4071";"4352.1474";"91.0355";"1048.5181";"10095.3297";"17227.6174";"0.0";"0.0"
"2015-06-01";"464.7009";"44.459";"0.3387";"3650.3053";"111.3833";"1045.2212";"10075.0083";"17092.4087";"0.0";"0.0"
"2015-05-01";"356.6726";"34.3703";"0.3529";"3394.001";"133.5548";"1037.0532";"9830.9613";"17000.3158";"0.0";"0.0"
"2015-04-01";"283.2525";"27.6047";"0.0453";"1382.711";"902.0467";"1026.1087";"9725.9717";"17056.618";"0.0";"0.0"
"2015-03-01";"319.9156";"31.27";"-0.2897";"288.3494";"3215.829";"1023.0779";"9330.5697";"17028.2171";"0.0";"0.0"
"2015-02-01";"460.3099";"44.91";"-0.675";"157.3279";"7019.1536";"1024.9427";"9324.9243";"17077.3939";"0.0";"0.0"
"2015-01-01";"666.1078";"64.9906";"-0.5655";"205.89";"6108.1581";"1024.9387";"9183.8345";"17074.1145";"0.0";"0.0"
"2014-12-01";"799.4813";"81.7065";"-0.4345";"200.7432";"4485.271";"978.4714";"9212.6903";"17021.4326";"0.0";"0.0"
"2014-11-01";"899.3328";"91.9023";"-0.1627";"336.108";"1944.2467";"978.5782";"9298.154";"17005.2197";"0.0";"0.0"
"2014-10-01";"908.6494";"92.8848";"0.0787";"1382.9052";"614.6871";"978.2588";"9330.6542";"16768.391";"0.0";"0.0"
"2014-09-01";"870.6025";"89.2657";"0.1637";"1908.2943";"334.79";"975.2834";"9428.594";"16626.911";"0.0";"0.0"
"2014-08-01";"809.276";"83.2371";"0.271";"2853.8742";"221.3903";"972.2563";"9382.0474";"16673.9468";"0.0";"0.0"
"2014-07-01";"720.1355";"74.1335";"0.2819";"2948.9635";"223.0645";"971.3744";"9261.2442";"16700.8248";"0.0";"0.0"
"2014-06-01";"636.9483";"65.7423";"0.2967";"3074.5357";"218.9667";"968.8545";"9354.7337";"16568.0653";"0.0";"0.0"
"2014-05-01";"549.1575";"57.06";"0.2813";"2925.8903";"216.4484";"962.2893";"9147.1229";"16599.0148";"0.0";"0.0"
"2014-04-01";"478.0743";"50.029";"0.2157";"2105.0177";"411.6733";"955.4492";"9086.4773";"16591.5883";"0.0";"0.0"
"2014-03-01";"453.8641";"48.6139";"-0.0835";"665.1568";"1571.3484";"933.577";"8786.9471";"16104.0587";"0.0";"0.0"
"2014-02-01";"503.2662";"54.1136";"-0.3011";"162.7321";"2973.6643";"930.1035";"8692.29";"16053.5089";"0.0";"0.0"
"2014-01-01";"605.8567";"65.0987";"-0.3365";"244.989";"3412.6677";"930.7004";"8620.2461";"15935.5326";"0.0";"0.0"
"2013-12-01";"676.7882";"72.9358";"-0.3158";"378.1358";"3339.3645";"927.9279";"8707.3281";"15944.5145";"0.0";"0.0"
"2013-11-01";"774.8509";"83.508";"-0.196";"350.7647";"2234.6067";"927.8923";"8564.9163";"15775.0097";"0.0";"0.0"
"2013-10-01";"770.3792";"83.4394";"0.3177";"1624.8729";"289.6161";"923.2786";"8733.2042";"15707.7716";"0.0";"0.0"
"2013-09-01";"667.0402";"77.207";"0.2697";"2479.2413";"163.7567";"863.9551";"8453.5117";"14944.602";"0.0";"0.0"
"2013-08-01";"581.2129";"67.3568";"0.3755";"3443.6494";"221.2613";"862.8757";"8404.7777";"14952.4684";"0.0";"0.0"
"2013-07-01";"474.0482";"54.9448";"0.4106";"3620.3061";"101.5032";"862.7719";"8385.03";"14982.2806";"0.0";"0.0"
"2013-06-01";"369.2407";"43.0233";"0.378";"3349.4637";"103.14";"858.1371";"8229.5607";"14775.4833";"0.0";"0.0"
"2013-05-01";"285.8703";"33.3474";"0.2935";"2693.9452";"216.6194";"857.2347";"8239.1752";"14727.7403";"0.0";"0.0"
"2013-04-01";"220.3277";"26.2357";"0.066";"1469.7643";"950.6633";"839.7804";"7905.4647";"14183.8013";"0.0";"0.0"
"2013-03-01";"275.8378";"33.2739";"-0.3955";"200.7823";"3507.7323";"828.9885";"7751.3639";"14256.2139";"0.0";"0.0"
"2013-02-01";"393.4271";"47.6582";"-0.5607";"181.305";"4964.5214";"825.7532";"7606.4968";"14222.7621";"0.0";"0.0"
"2013-01-01";"531.3462";"64.5545";"-0.5419";"108.4113";"4649.1613";"823.1039";"7398.0465";"14142.0942";"0.0";"0.0"
"2012-12-01";"641.8023";"77.9729";"-0.4181";"207.4645";"3629.4548";"823.1078";"7476.1284";"14110.3219";"0.0";"0.0"
"2012-11-01";"733.365";"89.0937";"-0.201";"185.7187";"1841.86";"823.1336";"7418.4163";"14095.9767";"0.0";"0.0"
"2012-10-01";"753.583";"91.5458";"0.0655";"967.0681";"465.1032";"823.1725";"7514.441";"13974.1171";"0.0";"0.0"
"2012-09-01";"716.6582";"87.148";"0.203";"1879.3923";"218.5767";"822.3486";"7596.5993";"13669.3583";"0.0";"0.0"
"2012-08-01";"651.0203";"79.1981";"0.3161";"2696.8226";"93.5935";"822.0171";"7555.5997";"13697.1987";"0.0";"0.0"
"2012-07-01";"570.2706";"69.5948";"0.2981";"2521.4848";"101.3226";"819.403";"7411.8581";"13619.289";"0.0";"0.0"
"2012-06-01";"496.8676";"60.708";"0.313";"2659.8057";"129.0633";"818.4378";"7467.324";"13542.0083";"0.0";"0.0"
"2012-05-01";"416.0786";"50.9058";"0.3048";"2584.109";"120.5645";"817.2943";"7466.1206";"13536.8632";"0.0";"0.0"
"2012-04-01";"361.7049";"44.3433";"0.1793";"1401.782";"672.0433";"815.699";"7227.7743";"13518.5633";"0.0";"0.0"
"2012-03-01";"332.6791";"47.0577";"-0.0513";"520.0994";"890.6484";"706.9609";"6209.7352";"11686.1765";"0.0";"0.0"
"2012-02-01";"387.1763";"54.7662";"-0.6048";"124.1962";"4322.9966";"706.9678";"6211.8903";"11732.0097";"0.0";"0.0"
"2012-01-01";"517.5566";"73.2084";"-0.389";"148.8142";"2935.0871";"706.9687";"6216.7145";"11758.4406";"0.0";"0.0"
"2011-12-01";"568.6348";"84.1455";"-0.3023";"128.52";"2211.1903";"675.7737";"5938.2813";"11466.049";"0.0";"0.0"
"2011-11-01";"621.5698";"92.595";"-0.14";"138.8323";"1466.5167";"671.3682";"5899.818";"11401.922";"0.0";"0.0"
"2011-10-01";"630.0184";"94.9184";"0.0319";"474.3574";"249.6839";"663.7481";"5929.69";"11125.4177";"0.0";"0.0"
"2011-09-01";"609.7338";"91.8767";"0.1613";"1170.7383";"95.4533";"663.6411";"6009.867";"11025.6127";"0.0";"0.0"
"2011-08-01";"566.0017";"85.2874";"0.2552";"1769.2152";"72.5484";"663.6343";"6007.5719";"11025.6677";"0.0";"0.0"
"2011-07-01";"510.4223";"76.9165";"0.2919";"2003.5184";"65.9";"663.6153";"6003.6671";"11025.271";"0.0";"0.0"
"2011-06-01";"448.262";"67.559";"0.329";"2424.2087";"232.8733";"663.5126";"5999.7753";"11023.1393";"0.0";"0.0"
"2011-05-01";"376.8936";"56.9294";"0.3526";"2416.7632";"79.6065";"662.0088";"5995.0155";"11018.4103";"0.0";"0.0"
"2011-04-01";"311.9149";"47.6033";"0.3397";"1926.6493";"108.9033";"655.0253";"5768.6307";"10936.86";"0.0";"0.0"
"2011-03-01";"279.3344";"45.0842";"-0.1332";"413.7577";"1269.6";"619.5911";"5413.2755";"10300.2558";"0.0";"0.0"
"2011-02-01";"331.2419";"53.5286";"-0.3739";"121.2818";"2401.7";"618.8156";"5403.4736";"10329.8496";"0.0";"0.0"
"2011-01-01";"405.313";"65.4961";"-0.3939";"134.6368";"2641.8452";"618.8535";"5405.7242";"10343.961";"0.0";"0.0"
